[{"name":"theme_info","theme_name":"Brooklyn","theme_author":"Shopify","theme_version":"9.0.1","theme_documentation_url":"https:\/\/help.shopify.com\/manual\/using-themes\/themes-by-shopify\/brooklyn","theme_support_url":"https:\/\/support.shopify.com\/"},{"name":"Popup","settings":[{"type":"image_picker","id":"popup","label":"Background"}]},{"name":"Colors","settings":[{"type":"header","content":"General"},{"type":"color","id":"color_body_bg","label":"Background"},{"type":"color","id":"color_headings","label":"Headings","default":"#222323"},{"type":"color","id":"color_body_text","label":"Body text","default":"#222323"},{"type":"color","id":"color_header_bg","label":"Header Background","default":"#f6f6f6"},{"type":"color","id":"color_menu_text","label":"Header Menu","default":"#636363"},{"type":"color","id":"color_borders","label":"Line color","default":"#e5e5e5"},{"type":"color","id":"color_hover_border","label":"Menu hover Border","default":"#f02d3f"},{"type":"color","id":"color_footer_bg","label":"Footer Bg","default":"#F6F6F6"},{"type":"color","id":"color_footer_menu","label":"Footer Menu","default":"#636363"},{"type":"color","id":"color_button_text","label":"Buttons label","default":"#ffffff"},{"type":"color","id":"color_primary","label":"Buttons","default":"#204a80"},{"type":"color","id":"color_secondary","label":"Links and accents","default":"#dcdcdc"},{"type":"color","id":"color_product_background","label":"Product background"},{"type":"color","id":"color_sale_tag","label":"Sale tags"},{"type":"color","id":"color_input","label":"Form fields"},{"type":"color","id":"color_newsletter","label":"Newsletter and tables background","default":"#f6f6f6"},{"type":"color","id":"color_white","label":"Light color","default":"#fff"},{"type":"header","content":"Drawers"},{"type":"color","id":"color_drawer_background","label":"Background","default":"#1c1d1d"},{"type":"color","id":"color_drawer_text","label":"Text","default":"#ffffff"},{"type":"color","id":"color_drawer_border","label":"Lines and borders","default":"#373838"},{"type":"color","id":"color_drawer_button","label":"Buttons","default":"#c7ac7e"},{"type":"color","id":"color_drawer_button_text","label":"Button text","default":"#ffffff"}]},{"name":"Typography","settings":[{"type":"header","content":"Headings"},{"type":"select","id":"type_header_family","label":"Font","options":[{"value":"'Avant Garde', Avantgarde, 'Century Gothic', CenturyGothic, 'AppleGothic', sans-serif","label":"Avant Garde","group":"Sans-serif"},{"value":"HeroicCondensedRegular,'Gill Sans', 'Gill Sans MT', Calibri, sans-serif","label":"HeroicCondensedRegular","group":"Sans-serif"},{"value":"'HeroicCondensedMedium', 'Helvetica Neue', Helvetica, Arial, sans-serif","label":"HeroicCondensedMedium","group":"Sans-serif"},{"value":"ObjektivMk1_Trial_Rg, 'Helvetica Neue', Helvetica, sans-serif","label":"ObjektivMk1_Trial_Rg","group":"Sans-serif"},{"value":"ObjektivMk1_Trial_XBd, Candara, Calibri, Segoe, 'Segoe UI', Optima, Arial, sans-serif","label":"ObjektivMk1_Trial_XBd","group":"Sans-serif"},{"value":"Geneva, Tahoma, Verdana, sans-serif","label":"Geneva","group":"Sans-serif"},{"value":"Google_Droid+Sans_400_sans","label":"Droid Sans","group":"Sans-serif | Google Web Fonts"},{"value":"Google_Droid+Sans_700_sans","label":"Droid Sans Bold","group":"Sans-serif | Google Web Fonts"},{"value":"Google_Lato_400_sans","label":"Lato","group":"Sans-serif | Google Web Fonts"},{"value":"Google_Lato_700_sans","label":"Lato Bold","group":"Sans-serif | Google Web Fonts"},{"value":"Google_Montserrat_400_sans","label":"Montserrat","group":"Sans-serif | Google Web Fonts"},{"value":"Google_Montserrat_700_sans","label":"Montserrat Bold","group":"Sans-serif | Google Web Fonts"},{"value":"Google_Open+Sans_400_sans","label":"Open Sans","group":"Sans-serif | Google Web Fonts"},{"value":"Google_Open+Sans_700_sans","label":"Open Sans Bold","group":"Sans-serif | Google Web Fonts"},{"value":"Google_PT+Sans_400_sans","label":"PT Sans","group":"Sans-serif | Google Web Fonts"},{"value":"Google_PT+Sans_700_sans","label":"PT Sans Bold","group":"Sans-serif | Google Web Fonts"},{"value":"Google_Quicksand_700_sans","label":"Quicksand","group":"Sans-serif | Google Web Fonts"},{"value":"Google_Roboto_400_sans","label":"Roboto","group":"Sans-serif | Google Web Fonts"},{"value":"Google_Roboto_700_sans","label":"Roboto Bold","group":"Sans-serif | Google Web Fonts"},{"value":"Google_Source+Sans+Pro_400_sans","label":"Source Sans Pro","group":"Sans-serif | Google Web Fonts"},{"value":"Google_Source+Sans+Pro_700_sans","label":"Source Sans Pro Bold","group":"Sans-serif | Google Web Fonts"},{"value":"Google_Ubuntu_400_sans","label":"Ubuntu","group":"Sans-serif | Google Web Fonts"},{"value":"Google_Ubuntu_700_sans","label":"Ubuntu Bold","group":"Sans-serif | Google Web Fonts"},{"value":"'Big Caslon', 'Book Antiqua', 'Palatino Linotype', Georgia, serif","label":"Big Caslon","group":"Serif"},{"value":"'Calisto MT', 'Bookman Old Style', Bookman, 'Goudy Old Style', Garamond, 'Hoefler Text', 'Bitstream Charter', Georgia, serif","label":"Calisto MT","group":"Serif"},{"value":"Baskerville, 'Baskerville Old Face', 'Hoefler Text', Garamond, 'Times New Roman', serif","label":"Baskerville","group":"Serif"},{"value":"Garamond, Baskerville, 'Baskerville Old Face', 'Hoefler Text', 'Times New Roman', serif","label":"Garamond","group":"Serif"},{"value":"TimesNewRoman, 'Times New Roman', Times, Baskerville, Georgia, serif","label":"Times New Roman","group":"Serif"},{"value":"Google_Arvo_400_serif","label":"Arvo","group":"Serif | Google Web Fonts"},{"value":"Google_Arvo_700_serif","label":"Arvo Bold","group":"Serif | Google Web Fonts"},{"value":"Google_Crimson+Text_400_serif","label":"Crimson Text","group":"Serif | Google Web Fonts"},{"value":"Google_Crimson+Text_700_serif","label":"Crimson Text Bold","group":"Serif | Google Web Fonts"},{"value":"Google_Droid+Serif_400_serif","label":"Droid Serif","group":"Serif | Google Web Fonts"},{"value":"Google_Droid+Serif_700_serif","label":"Droid Serif Bold","group":"Serif | Google Web Fonts"},{"value":"Google_Lora_400_serif","label":"Lora","group":"Serif | Google Web Fonts"},{"value":"Google_Lora_700_serif","label":"Lora Bold","group":"Serif | Google Web Fonts"},{"value":"Google_Old+Standard+TT_400_serif","label":"Old Standard","group":"Serif | Google Web Fonts"},{"value":"Google_Old+Standard+TT_700_serif","label":"Old Standard Bold","group":"Serif | Google Web Fonts"},{"value":"Google_PT+Serif_400_serif","label":"PT Serif","group":"Serif | Google Web Fonts"},{"value":"Google_PT+Serif_700_serif","label":"PT Serif Bold","group":"Serif | Google Web Fonts"},{"value":"Google_Vollkorn_400_serif","label":"Vollkorn","group":"Serif | Google Web Fonts"},{"value":"Google_Vollkorn_700_serif","label":"Vollkorn Bold","group":"Serif | Google Web Fonts"}]},{"type":"select","id":"type_header_base_size","label":"Base size","options":[{"value":"26px","label":"26px"},{"value":"28px","label":"28px"},{"value":"30px","label":"30px"},{"value":"32px","label":"32px"},{"value":"34px","label":"34px"},{"value":"60px","label":"60px"},{"value":"70px","label":"70px"},{"value":"78px","label":"78px"}]},{"type":"select","id":"type_header_border_thickness","label":"Underline thickness","options":[{"value":"1px","label":"Light"},{"value":"2px","label":"Medium"},{"value":"3px","label":"Bold"}]},{"type":"header","content":"Accent text","info":"Menus, buttons, and slideshow subheading"},{"type":"select","id":"type_accent_family","label":"Font","options":[{"value":"'Avant Garde', Avantgarde, 'Century Gothic', CenturyGothic, 'AppleGothic', sans-serif","label":"Avant Garde","group":"Sans-serif"},{"value":"HeroicCondensedRegular,'Gill Sans', 'Gill Sans MT', Calibri, sans-serif","label":"HeroicCondensedRegular","group":"Sans-serif"},{"value":"'HelveticaNeue', 'Helvetica Neue', Helvetica, Arial, sans-serif","label":"Helvetica Neue","group":"Sans-serif"},{"value":"ObjektivMk1_Trial_Rg, 'Helvetica Neue', Helvetica, sans-serif","label":"ObjektivMk1_Trial_Rg","group":"Sans-serif"},{"value":"ObjektivMk1_Trial_XBd, Candara, Calibri, Segoe, 'Segoe UI', Optima, Arial, sans-serif","label":"ObjektivMk1_Trial_XBd","group":"Sans-serif"},{"value":"Geneva, Tahoma, Verdana, sans-serif","label":"Geneva","group":"Sans-serif"},{"value":"Google_Droid+Sans_400_sans","label":"Droid Sans","group":"Sans-serif | Google Web Fonts"},{"value":"Google_Droid+Sans_700_sans","label":"Droid Sans Bold","group":"Sans-serif | Google Web Fonts"},{"value":"Google_Lato_400_sans","label":"Lato","group":"Sans-serif | Google Web Fonts"},{"value":"Google_Lato_700_sans","label":"Lato Bold","group":"Sans-serif | Google Web Fonts"},{"value":"Google_Montserrat_400_sans","label":"Montserrat","group":"Sans-serif | Google Web Fonts"},{"value":"Google_Montserrat_700_sans","label":"Montserrat Bold","group":"Sans-serif | Google Web Fonts"},{"value":"Google_Open+Sans_400_sans","label":"Open Sans","group":"Sans-serif | Google Web Fonts"},{"value":"Google_Open+Sans_700_sans","label":"Open Sans Bold","group":"Sans-serif | Google Web Fonts"},{"value":"Google_PT+Sans_400_sans","label":"PT Sans","group":"Sans-serif | Google Web Fonts"},{"value":"Google_PT+Sans_700_sans","label":"PT Sans Bold","group":"Sans-serif | Google Web Fonts"},{"value":"Google_Roboto_400_sans","label":"Roboto","group":"Sans-serif | Google Web Fonts"},{"value":"Google_Roboto_700_sans","label":"Roboto Bold","group":"Sans-serif | Google Web Fonts"},{"value":"Google_Source+Sans+Pro_400_sans","label":"Source Sans Pro","group":"Sans-serif | Google Web Fonts"},{"value":"Google_Source+Sans+Pro_700_sans","label":"Source Sans Pro Bold","group":"Sans-serif | Google Web Fonts"},{"value":"Google_Ubuntu_400_sans","label":"Ubuntu","group":"Sans-serif | Google Web Fonts"},{"value":"Google_Ubuntu_700_sans","label":"Ubuntu Bold","group":"Sans-serif | Google Web Fonts"},{"value":"'Big Caslon', 'Book Antiqua', 'Palatino Linotype', Georgia, serif","label":"Big Caslon","group":"Serif"},{"value":"'Calisto MT', 'Bookman Old Style', Bookman, 'Goudy Old Style', Garamond, 'Hoefler Text', 'Bitstream Charter', Georgia, serif","label":"Calisto MT","group":"Serif"},{"value":"Baskerville, 'Baskerville Old Face', 'Hoefler Text', Garamond, 'Times New Roman', serif","label":"Baskerville","group":"Serif"},{"value":"Garamond, Baskerville, 'Baskerville Old Face', 'Hoefler Text', 'Times New Roman', serif","label":"Garamond","group":"Serif"},{"value":"Georgia, 'Hoefler Text', 'Times New Roman', serif","label":"Georgia","group":"Serif"},{"value":"TimesNewRoman, 'Times New Roman', Times, Baskerville, Georgia, serif","label":"Times New Roman","group":"Serif"},{"value":"Google_Arvo_400_serif","label":"Arvo","group":"Serif | Google Web Fonts"},{"value":"Google_Arvo_700_serif","label":"Arvo Bold","group":"Serif | Google Web Fonts"},{"value":"Google_Crimson+Text_400_serif","label":"Crimson Text","group":"Serif | Google Web Fonts"},{"value":"Google_Crimson+Text_700_serif","label":"Crimson Text Bold","group":"Serif | Google Web Fonts"},{"value":"Google_Droid+Serif_400_serif","label":"Droid Serif","group":"Serif | Google Web Fonts"},{"value":"Google_Droid+Serif_700_serif","label":"Droid Serif Bold","group":"Serif | Google Web Fonts"},{"value":"Google_Lora_400_serif","label":"Lora","group":"Serif | Google Web Fonts"},{"value":"Google_Lora_700_serif","label":"Lora Bold","group":"Serif | Google Web Fonts"},{"value":"Google_PT+Serif_400_serif","label":"PT Serif","group":"Serif | Google Web Fonts"},{"value":"Google_PT+Serif_700_serif","label":"PT Serif Bold","group":"Serif | Google Web Fonts"},{"value":"Google_Vollkorn_400_serif","label":"Vollkorn","group":"Serif | Google Web Fonts"},{"value":"Google_Vollkorn_700_serif","label":"Vollkorn Bold","group":"Serif | Google Web Fonts"}]},{"type":"checkbox","id":"type_accent_transform","label":"Capitalize text"},{"type":"checkbox","id":"type_accent_spacing","label":"Space letters"},{"type":"checkbox","id":"type_accent_subheadings","label":"Use accent text for subheadings"},{"type":"header","content":"Body text"},{"type":"select","id":"type_base_family","label":"Font","options":[{"value":"'Avant Garde', Avantgarde, 'Century Gothic', CenturyGothic, 'AppleGothic', sans-serif","label":"Avant garde","group":"Sans-serif"},{"value":"HeroicCondensedRegular,'Gill Sans', 'Gill Sans MT', Calibri, sans-serif","label":"HeroicCondensedRegular","group":"Sans-serif"},{"value":"'HelveticaNeue', 'Helvetica Neue', Helvetica, Arial, sans-serif","label":"Helvetica Neue","group":"Sans-serif"},{"value":"ObjektivMk1_Trial_Rg, 'Helvetica Neue', Helvetica, sans-serif","label":"ObjektivMk1_Trial_Rg","group":"Sans-serif"},{"value":"ObjektivMk1_Trial_XBd, Candara, Calibri, Segoe, 'Segoe UI', Optima, Arial, sans-serif","label":"ObjektivMk1_Trial_XBd","group":"Sans-serif"},{"value":"Geneva, Tahoma, Verdana, sans-serif","label":"Geneva","group":"Sans-serif"},{"value":"Google_Droid+Sans_400_sans","label":"Droid Sans","group":"Sans-serif | Google Web Fonts"},{"value":"Google_Droid+Sans_700_sans","label":"Droid Sans Bold","group":"Sans-serif | Google Web Fonts"},{"value":"Google_Lato_400_sans","label":"Lato","group":"Sans-serif | Google Web Fonts"},{"value":"Google_Lato_700_sans","label":"Lato Bold","group":"Sans-serif | Google Web Fonts"},{"value":"Google_Montserrat_400_sans","label":"Montserrat","group":"Sans-serif | Google Web Fonts"},{"value":"Google_Montserrat_700_sans","label":"Montserrat Bold","group":"Sans-serif | Google Web Fonts"},{"value":"Google_Open+Sans_400_sans","label":"Open Sans","group":"Sans-serif | Google Web Fonts"},{"value":"Google_Open+Sans_700_sans","label":"Open Sans Bold","group":"Sans-serif | Google Web Fonts"},{"value":"Google_PT+Sans_400_sans","label":"PT Sans","group":"Sans-serif | Google Web Fonts"},{"value":"Google_PT+Sans_700_sans","label":"PT Sans Bold","group":"Sans-serif | Google Web Fonts"},{"value":"Google_Roboto_400_sans","label":"Roboto","group":"Sans-serif | Google Web Fonts"},{"value":"Google_Roboto_700_sans","label":"Roboto Bold","group":"Sans-serif | Google Web Fonts"},{"value":"Google_Source+Sans+Pro_400_sans","label":"Source Sans Pro","group":"Sans-serif | Google Web Fonts"},{"value":"Google_Source+Sans+Pro_700_sans","label":"Source Sans Pro Bold","group":"Sans-serif | Google Web Fonts"},{"value":"Google_Ubuntu_400_sans","label":"Ubuntu","group":"Sans-serif | Google Web Fonts"},{"value":"Google_Ubuntu_700_sans","label":"Ubuntu Bold","group":"Sans-serif | Google Web Fonts"},{"value":"'Big Caslon', 'Book Antiqua', 'Palatino Linotype', Georgia, serif","label":"Big Caslon","group":"Serif"},{"value":"'Calisto MT', 'Bookman Old Style', Bookman, 'Goudy Old Style', Garamond, 'Hoefler Text', 'Bitstream Charter', Georgia, serif","label":"Calisto MT","group":"Serif"},{"value":"Baskerville, 'Baskerville Old Face', 'Hoefler Text', Garamond, 'Times New Roman', serif","label":"Baskerville","group":"Serif"},{"value":"Garamond, Baskerville, 'Baskerville Old Face', 'Hoefler Text', 'Times New Roman', serif","label":"Garamond","group":"Serif"},{"value":"Georgia, 'Hoefler Text', 'Times New Roman', serif","label":"Georgia","group":"Serif"},{"value":"TimesNewRoman, 'Times New Roman', Times, Baskerville, Georgia, serif","label":"Times New Roman","group":"Serif"},{"value":"Google_Arapey_400_serif","label":"Arapey","group":"Serif | Google Web Fonts"},{"value":"Google_Arvo_400_serif","label":"Arvo","group":"Serif | Google Web Fonts"},{"value":"Google_Arvo_700_serif","label":"Arvo Bold","group":"Serif | Google Web Fonts"},{"value":"Google_Crimson+Text_400_serif","label":"Crimson Text","group":"Serif | Google Web Fonts"},{"value":"Google_Crimson+Text_700_serif","label":"Crimson Text Bold","group":"Serif | Google Web Fonts"},{"value":"Google_Droid+Serif_400_serif","label":"Droid Serif","group":"Serif | Google Web Fonts"},{"value":"Google_Droid+Serif_700_serif","label":"Droid Serif Bold","group":"Serif | Google Web Fonts"},{"value":"Google_Lora_400_serif","label":"Lora","group":"Serif | Google Web Fonts"},{"value":"Google_Lora_700_serif","label":"Lora Bold","group":"Serif | Google Web Fonts"},{"value":"Google_PT+Serif_400_serif","label":"PT Serif","group":"Serif | Google Web Fonts"},{"value":"Google_PT+Serif_700_serif","label":"PT Serif Bold","group":"Serif | Google Web Fonts"},{"value":"Google_Vollkorn_400_serif","label":"Vollkorn","group":"Serif | Google Web Fonts"},{"value":"Google_Vollkorn_700_serif","label":"Vollkorn Bold","group":"Serif | Google Web Fonts"}]},{"type":"select","id":"type_base_size","label":"Base size","options":[{"value":"14px","label":"14px"},{"value":"15px","label":"15px"},{"value":"16px","label":"16px"},{"value":"17px","label":"17px"},{"value":"18px","label":"18px"},{"value":"20px","label":"20px"}]},{"type":"checkbox","id":"type_base_italize_titles","label":"Italicize titles, blockquotes, drop-down links, comment author name, and dates."}]},{"name":"Product Listing","settings":[{"type":"checkbox","id":"enable_buy_btn","label":"Enable Buy Button"},{"type":"header","content":"Limited Edition"},{"type":"image_picker","id":"limited_edition_image","label":"Limited Edition Image"},{"type":"header","content":"New Badge"},{"type":"image_picker","id":"new_badge","label":"New Badge Image"},{"type":"header","content":"Best Sellers"},{"type":"image_picker","id":"best_seller","label":"Best Seller Image"}]},{"name":"Cart page","settings":[{"type":"select","id":"cart_type","options":[{"value":"page","label":"Page"},{"value":"drawer","label":"Drawer"}],"label":"Cart type"},{"type":"checkbox","id":"cart_notes_enable","label":"Enable order notes"},{"type":"header","content":"Continue Shopping button"},{"type":"checkbox","id":"enable_shopping","label":"Enable shopping button"},{"type":"text","id":"shopping_heading","label":"Heading"},{"type":"url","id":"shopping_url","label":"url"},{"type":"html","id":"pincodes","label":"Pincodes"},{"type":"text","id":"msg","label":"Pincode Message 1"},{"type":"html","id":"pincodes1","label":"Pincodes"},{"type":"text","id":"msg1","label":"Pincode Message 2"}]},{"name":"Social media","settings":[{"type":"header","content":"Social sharing image"},{"type":"image_picker","id":"share_image","label":"Image","info":"Shown when sharing a link on social media. [Learn more](https:\/\/help.shopify.com\/manual\/using-themes\/troubleshooting\/showing-social-media-thumbnail-images\/) about image thumbnails."},{"type":"header","content":"Accounts"},{"type":"text","id":"social_facebook_link","label":"Facebook","info":"https:\/\/www.facebook.com\/shopify"},{"type":"text","id":"social_twitter_link","label":"Twitter","info":"https:\/\/twitter.com\/shopify"},{"type":"text","id":"social_pinterest_link","label":"Pinterest","info":"https:\/\/www.pinterest.com\/shopify"},{"type":"text","id":"social_instagram_link","label":"Instagram","info":"https:\/\/instagram.com\/shopify"},{"type":"text","id":"social_snapchat_link","label":"Snapchat","info":"https:\/\/www.snapchat.com\/add\/shopify"},{"type":"text","id":"social_google_plus_link","label":"Google Plus","info":"https:\/\/plus.google.com\/+shopify"},{"type":"text","id":"social_tumblr_link","label":"Tumblr","info":"http:\/\/shopify.tumblr.com"},{"type":"text","id":"social_youtube_link","label":"YouTube","info":"https:\/\/www.youtube.com\/user\/shopify"},{"type":"text","id":"social_vimeo_link","label":"Vimeo","info":"https:\/\/vimeo.com\/shopify"},{"type":"text","id":"social_fancy_link","label":"Fancy","info":"http:\/\/fancy.com\/Shopify"},{"type":"header","content":"Sharing options"},{"type":"checkbox","id":"share_facebook","label":"Share on Facebook"},{"type":"checkbox","id":"share_twitter","label":"Tweet on Twitter"},{"type":"checkbox","id":"share_pinterest","label":"Pin on Pinterest"}]},{"name":"Favicon","settings":[{"type":"image_picker","id":"favicon","label":"Favicon image","info":"Will be scaled down to 32 x 32px"}]},{"name":"Filter Menu","settings":[{"type":"header","content":"Components"},{"type":"checkbox","id":"pt_show_refine","label":"Show Refine Section","default":true},{"type":"checkbox","id":"pt_show_collection_group","label":"Show Current Collection","default":true},{"type":"checkbox","id":"pt_show_clear","label":"Show Clear buttons","default":true},{"type":"checkbox","id":"pt_show_view_all","label":"Show View All button","default":true},{"type":"checkbox","id":"pt_show_collection_count","label":"Show collection count on All page","default":true},{"type":"header","content":"Options"},{"type":"checkbox","id":"pt_show_show_single_group","label":"Show groups with only one item","default":true},{"type":"checkbox","id":"pt_scroll_filter_group","label":"Scroll each group if too large","default":false},{"type":"checkbox","id":"pt_show_inactive_filters","label":"Show inactive filters (greyed out)","default":false},{"type":"header","content":"Drop Downs"},{"type":"checkbox","id":"pt_force_dropdown","label":"Force all filters to be drop downs","default":false},{"type":"radio","id":"pt_float_filters","label":"Layout","default":"false","options":[{"value":"false","label":"Vertical"},{"value":"true","label":"Horizontal"}]},{"type":"paragraph","content":"Groups will only layout horizontal if there is space, so if the filters are in your sidebar this may not have any effect."},{"type":"header","content":"Text"},{"type":"text","id":"pt_refine_text","label":"Top of menu text","default":"Refine"},{"type":"text","id":"pt_clear_text","label":"Clear filters text","default":"clear"},{"type":"text","id":"pt_view_all_text","label":"View All text","default":"view all"},{"type":"text","id":"pt_tags_text","label":"Tags group text","default":"Tags"},{"type":"text","id":"pt_sort_by_text","label":"Sort group text","default":"Sort By"},{"type":"text","id":"pt_collection_text","label":"Collection group text","default":"Collection"},{"type":"text","id":"pt_search_placeholder_text","label":"Search placeholder text","default":"search..."},{"type":"text","id":"pt_mobile_text","label":"Filter Button Text","default":"Filter"},{"type":"header","content":"Filter By Tags"},{"type":"checkbox","id":"pt_show_tags_group","label":"Show unused\/ungrouped tags as a 'Tags' group","default":false},{"type":"checkbox","id":"pt_show_tags_grouped","label":"Show grouped tags as filters","default":false},{"type":"paragraph","content":"Grouped tags use the format Group Name_Filter Value. e.g. Format_USB, or Compatibility_X Box One X"},{"type":"header","content":"Sort By"},{"type":"checkbox","id":"pt_show_sort_by_group","label":"Show a 'Sort By' group","default":false},{"type":"checkbox","id":"pt_show_sort_by_checkboxes","label":"Show checkboxes on 'Sort By' group","default":false},{"type":"paragraph","content":"Leave empty to hide a sort option"},{"type":"text","id":"pt_sort_manual_text","label":"Manual","default":"Featured"},{"type":"text","id":"pt_sort_price_asc_text","label":"Price Ascending","default":"Price: Low to High"},{"type":"text","id":"pt_sort_price_desc_text","label":"Price Descending","default":"Price: High to Low"},{"type":"text","id":"pt_sort_title_asc_text","label":"A-Z","default":"A-Z"},{"type":"text","id":"pt_sort_title_desc_text","label":"Z-A","default":"Z-A"},{"type":"text","id":"pt_sort_created_asc_text","label":"Newest Last","default":"Newest Last"},{"type":"text","id":"pt_sort_created_desc_text","label":"Newest First","default":"Newest"},{"type":"text","id":"pt_sort_best_selling_text","label":"Best Selling","default":"Best Selling"},{"type":"header","content":"Group Header"},{"type":"color","id":"color_pt_header_text","label":"Text","default":"#050000"},{"type":"color","id":"color_pt_header_border","label":"Line Underneath","default":"#DDD"},{"type":"color","id":"color_pt_header_top_border","label":"Line On Top","default":"#5f5f5f"},{"type":"range","id":"pt_header_size","label":"Font Size","min":8,"max":45,"step":1,"unit":"px","default":40},{"type":"checkbox","id":"pt_header_font_override","label":"Override theme font","default":false},{"type":"font","id":"pt_header_font","label":"Base Typeface"},{"type":"select","id":"pt_header_weight","label":"Font Weight","default":"600","options":[{"value":"100","label":"Light"},{"value":"300","label":"Normal"},{"value":"600","label":"Bold"},{"value":"900","label":"Bolder"}]},{"type":"header","content":"Filter Links"},{"type":"color","id":"color_pt_links","label":"Filters","default":"#222"},{"type":"color","id":"color_pt_links_selected","label":"Selected Filters","default":"#333"},{"type":"color","id":"color_pt_links_hover","label":"Filter Hover","default":"#444"},{"type":"color","id":"color_pt_counts_color","label":"Collection Counts","default":"#888"},{"type":"range","id":"pt_links_size","label":"Font Size","min":8,"max":20,"step":1,"unit":"px","default":14},{"type":"checkbox","id":"pt_links_font_override","label":"Override theme font","default":false},{"type":"font","id":"pt_links_font","label":"Base Typeface"},{"type":"select","id":"pt_links_weight","label":"Font Weight","default":"300","options":[{"value":"100","label":"Light"},{"value":"300","label":"Normal"},{"value":"600","label":"Bold"},{"value":"900","label":"Bolder"}]},{"type":"header","content":"Checkboxes"},{"type":"checkbox","id":"pt_show_checkboxes","label":"Show Checkboxes","default":true},{"type":"select","id":"pt_checkbox_style","label":"Checkbox Style","default":"0","options":[{"value":"0","label":"Rounded"},{"value":"1","label":"Square Solid"},{"value":"2","label":"Square Hollow"},{"value":"3","label":"Round Hollow"},{"value":"4","label":"Ticks Solid"},{"value":"5","label":"Crosses Solid"},{"value":"6","label":"Ticks"},{"value":"7","label":"Crosses"},{"value":"8","label":"Crosses (Original Style)"}]},{"type":"select","id":"pt_checkbox_swatch_style","label":"Swatch Checkbox Style","default":"3","options":[{"value":"0","label":"Rounded"},{"value":"1","label":"Square Solid"},{"value":"2","label":"Square Hollow"},{"value":"3","label":"Round Hollow"},{"value":"4","label":"Ticks Solid"},{"value":"5","label":"Crosses Solid"},{"value":"6","label":"Ticks"},{"value":"7","label":"Crosses"},{"value":"8","label":"Crosses (Original Style)"}]},{"type":"color","id":"pt_checkbox_primary_color","label":"Default Color","default":"#888"},{"type":"color","id":"pt_checkbox_secondary_color","label":"Selected Color","default":"#444"},{"type":"range","id":"pt_checkbox_size","label":"Checkbox Size","min":4,"max":30,"step":1,"unit":"px","default":15},{"type":"range","id":"pt_checkbox_size_swatch","label":"Swatch Size","min":4,"max":60,"step":1,"unit":"px","default":25},{"type":"select","id":"pt_checkbox_checkbox_align","label":"Checkbox alignment","default":"middle","options":[{"value":"middle","label":"Middle"},{"value":"top","label":"Top"},{"value":"bottom","label":"Bottom"}]},{"type":"header","content":"Color Swatches"},{"type":"radio","id":"pt_color_swatch_type","label":"Swatch Type","default":"swatch","options":[{"value":"swatch","label":"Swatch only"},{"value":"swatch_text","label":"Swatch plus text"}]},{"type":"header","content":"Clear Button"},{"type":"color","id":"color_pt_clear_bg","label":"Background","default":"#EEE"},{"type":"color","id":"color_pt_clear_text","label":"Text","default":"#222"},{"type":"color","id":"color_pt_clear_bg_hover","label":"Background Hover","default":"#DDD"},{"type":"color","id":"color_pt_clear_text_hover","label":"Text Hover","default":"#222"},{"type":"header","content":"Background Color"},{"type":"color","id":"color_pt_bg","label":"Background Color","default":"#050000"},{"type":"color","id":"color_pt_bg_border","label":"Border Color","default":"#5f5f5f"},{"type":"range","id":"pt_bg_padding","label":"Padding","min":0,"max":40,"step":1,"unit":"px","default":0},{"type":"range","id":"pt_bg_radius","label":"Border Radius","min":0,"max":40,"step":1,"unit":"px","default":3},{"type":"header","content":"Accordions"},{"type":"checkbox","id":"pt_mobile_enable","label":"Show Mobile Accordion","default":true},{"type":"checkbox","id":"pt_accordion_enable","label":"Show Desktop Accordion","default":false},{"type":"select","id":"pt_accordion_mode","label":"Desktop Accordion Mode","options":[{"value":"all","label":"Expand All"},{"value":"first","label":"Expand First (Non Selected)"},{"value":"none","label":"Collapse All"}],"default":"all"},{"type":"color","id":"pt_mobile_color","label":"Color","default":"#222"},{"type":"text","id":"pt_mobile_max_width","label":"CSS Max Width For Display","default":"767px"},{"type":"range","id":"pt_mobile_vertical","label":"Vertical Offset","min":0,"max":40,"step":1,"unit":"px","default":7},{"type":"range","id":"pt_mobile_text_vertical","label":"Vertical Offset - Text","min":0,"max":40,"step":1,"unit":"px","default":14},{"type":"checkbox","id":"pt_mobile_font_override","label":"Override theme font","default":false},{"type":"font","id":"pt_mobile_font","label":"Base Typeface"},{"type":"select","id":"pt_mobile_size","label":"Filter button size","default":"","options":[{"value":"","label":"Standard"},{"value":"small","label":"Small"},{"value":"xsmall","label":"Extra Small"}]},{"type":"checkbox","id":"pt_mobile_hide_selected","label":"Hide selected filters on mobile","default":false},{"type":"header","content":"Small Box Options"},{"type":"color","id":"color_pt_small_box_bg","label":"Background Color","default":"#FFFFFF"},{"type":"color","id":"color_pt_small_box_bg_hover","label":"Background Hover","default":"#00a5fd"},{"type":"color","id":"color_pt_small_box_text_hover","label":"Text Hover","default":"#FFFFFF"},{"type":"range","id":"pt_small_box_radius","label":"Border Radius","min":0,"max":40,"step":1,"unit":"px","default":3},{"type":"checkbox","id":"pt_small_box_border","label":"Show Border","default":true},{"type":"checkbox","id":"pt_small_box_shadow","label":"Show Shadow","default":true},{"type":"header","content":"View More button"},{"type":"checkbox","id":"pt_view_more_enable","label":"Add View More button","default":false},{"type":"range","id":"pt_view_more_count","label":"Items to display","min":1,"max":50,"step":1,"default":10},{"type":"text","id":"pt_view_more_text","label":"Button Text","default":"View More..."},{"type":"header","content":"'Apply' Filters button"},{"type":"checkbox","id":"pt_apply_button_enable","label":"Add Apply button","default":false},{"type":"text","id":"pt_apply_button_text","label":"Button Text","default":"Apply"},{"type":"color","id":"pt_apply_button_color","label":"Active Color","default":"#0084FF"},{"type":"color","id":"pt_apply_button_hover_color","label":"Hover Color","default":"#0670Cf"},{"type":"color","id":"pt_apply_button_disabled_color","label":"Disabled Color","default":"#CCCCCC"},{"type":"header","content":"Ajax reloading"},{"type":"checkbox","id":"pt_ajax_enable","label":"Enable Ajax reloading","default":false},{"type":"text","id":"pt_ajax_selector","label":"Content selector","default":"#CollectionWrapper"},{"type":"paragraph","content":"The content selector is a CSS selector that includes the Filter Menu and products"},{"type":"text","id":"pt_ajax_script","label":"Additional Scripts","default":";"},{"type":"paragraph","content":"Any scripts to run after the Ajax load is complete."},{"type":"header","content":"Advanced Options"},{"type":"checkbox","id":"pt_show_only_on_collections","label":"Show only on collection pages","default":false},{"type":"checkbox","id":"pt_clear_to_current_collection","label":"'Clear All' goes to current collection, not all products","default":false},{"type":"range","id":"pt_filter_padding","label":"Filter spacing","min":0,"max":15,"step":1,"unit":"px","default":6},{"type":"checkbox","id":"pt_temporary_disable","label":"Disable the display of the Filter Menu temporarily","default":false}]}]